cat,都道府県,ATP件数,実数統計,ATP率,マスター件数,マスター率
convenience,三重県,784,789,99.366,704,89.227
convenience,京都府,1052,1062,99.058,968,91.149
convenience,佐賀県,371,358,103.631,360,100.559
convenience,兵庫県,1955,1990,98.241,1798,90.352
convenience,北海道,3064,3003,102.031,3268,108.825
convenience,千葉県,2737,2634,103.91,2753,104.518
convenience,和歌山県,357,375,95.2,346,92.267
convenience,埼玉県,2970,2866,103.629,2681,93.545
convenience,大分県,519,516,100.581,507,98.256
convenience,大阪府,4017,3904,102.894,3400,87.09
convenience,奈良県,438,460,95.217,434,94.348
convenience,宮城県,1172,1165,100.601,1164,99.914
convenience,宮崎県,452,435,103.908,445,102.299
convenience,富山県,467,477,97.904,456,95.597
convenience,山口県,546,552,98.913,586,106.159
convenience,山形県,427,444,96.171,461,103.829
convenience,山梨県,450,457,98.468,456,99.781
convenience,岐阜県,819,850,96.353,838,98.588
convenience,岡山県,813,803,101.245,834,103.861
convenience,岩手県,568,543,104.604,558,102.762
convenience,島根県,272,269,101.115,308,114.498
convenience,広島県,1181,1189,99.327,1174,98.738
convenience,徳島県,310,321,96.573,322,100.312
convenience,愛媛県,565,584,96.747,585,100.171
convenience,愛知県,3575,3552,100.648,3494,98.367
convenience,新潟県,878,895,98.101,967,108.045
convenience,東京都,7108,7126,99.747,6292,88.296
convenience,栃木県,948,921,102.932,928,100.76
convenience,沖縄県,810,689,117.562,703,102.032
convenience,滋賀県,532,554,96.029,538,97.112
convenience,熊本県,797,779,102.311,725,93.068
convenience,石川県,494,498,99.197,506,101.606
convenience,神奈川県,3774,3624,104.139,3443,95.006
convenience,福井県,337,334,100.898,341,102.096
convenience,福岡県,2311,2271,101.761,2195,96.653
convenience,福島県,883,906,97.461,951,104.967
convenience,秋田県,450,458,98.253,461,100.655
convenience,群馬県,896,905,99.006,1046,115.58
convenience,茨城県,1408,1418,99.295,1456,102.68
convenience,長崎県,520,528,98.485,493,93.371
convenience,長野県,930,936,99.359,933,99.679
convenience,青森県,607,611,99.345,631,103.273
convenience,静岡県,1673,1682,99.465,1632,97.027
convenience,香川県,407,409,99.511,408,99.756
convenience,高知県,276,288,95.833,304,105.556
convenience,鳥取県,264,254,103.937,292,114.961
convenience,鹿児島県,660,668,98.802,647,96.856
drugstore,三重県,296,263,112.548,98,37.262
drugstore,京都府,444,344,129.07,90,26.163
drugstore,佐賀県,64,86,74.419,43,50.0
drugstore,兵庫県,818,660,123.939,209,31.667
drugstore,北海道,572,706,81.02,282,39.943
drugstore,千葉県,975,882,110.544,374,42.404
drugstore,和歌山県,123,102,120.588,44,43.137
drugstore,埼玉県,1032,1117,92.39,496,44.405
drugstore,大分県,136,122,111.475,28,22.951
drugstore,大阪府,1315,1052,125.0,361,34.316
drugstore,奈良県,201,140,143.571,39,27.857
drugstore,宮城県,418,362,115.47,209,57.735
drugstore,宮崎県,116,127,91.339,59,46.457
drugstore,富山県,217,206,105.34,94,45.631
drugstore,山口県,214,203,105.419,60,29.557
drugstore,山形県,226,189,119.577,79,41.799
drugstore,山梨県,128,133,96.241,57,42.857
drugstore,岐阜県,378,451,83.814,175,38.803
drugstore,岡山県,196,210,93.333,78,37.143
drugstore,岩手県,277,237,116.878,102,43.038
drugstore,島根県,134,82,163.415,61,74.39
drugstore,広島県,465,324,143.519,139,42.901
drugstore,徳島県,100,87,114.943,55,63.218
drugstore,愛媛県,244,253,96.443,107,42.292
drugstore,愛知県,1181,1189,99.327,406,34.146
drugstore,新潟県,420,368,114.13,100,27.174
drugstore,東京都,2173,1900,114.368,935,49.211
drugstore,栃木県,437,319,136.991,121,37.931
drugstore,沖縄県,119,72,165.278,34,47.222
drugstore,滋賀県,286,228,125.439,84,36.842
drugstore,熊本県,180,175,102.857,65,37.143
drugstore,石川県,280,251,111.554,124,49.402
drugstore,神奈川県,1272,1175,108.255,538,45.787
drugstore,福井県,195,169,115.385,113,66.864
drugstore,福岡県,544,612,88.889,369,60.294
drugstore,福島県,322,257,125.292,104,40.467
drugstore,秋田県,181,154,117.532,84,54.545
drugstore,群馬県,408,333,122.523,143,42.943
drugstore,茨城県,532,438,121.461,147,33.562
drugstore,長崎県,117,129,90.698,68,52.713
drugstore,長野県,288,252,114.286,90,35.714
drugstore,青森県,238,198,120.202,120,60.606
drugstore,静岡県,618,551,112.16,303,54.991
drugstore,香川県,132,133,99.248,74,55.639
drugstore,高知県,111,99,112.121,37,37.374
drugstore,鳥取県,100,79,126.582,42,53.165
drugstore,鹿児島県,201,203,99.015,44,21.675
fresh_food,三重県,0,530,0.0,160,30.189
fresh_food,京都府,0,736,0.0,259,35.19
fresh_food,佐賀県,0,361,0.0,47,13.019
fresh_food,兵庫県,0,1331,0.0,525,39.444
fresh_food,北海道,0,1444,0.0,348,24.1
fresh_food,千葉県,0,1161,0.0,344,29.63
fresh_food,和歌山県,0,407,0.0,155,38.084
fresh_food,埼玉県,0,1155,0.0,332,28.745
fresh_food,大分県,0,510,0.0,101,19.804
fresh_food,大阪府,0,1872,0.0,615,32.853
fresh_food,奈良県,0,323,0.0,90,27.864
fresh_food,宮城県,0,646,0.0,622,96.285
fresh_food,宮崎県,0,427,0.0,81,18.97
fresh_food,富山県,0,422,0.0,86,20.379
fresh_food,山口県,0,567,0.0,49,8.642
fresh_food,山形県,0,549,0.0,382,69.581
fresh_food,山梨県,0,330,0.0,74,22.424
fresh_food,岐阜県,0,423,0.0,95,22.459
fresh_food,岡山県,0,523,0.0,167,31.931
fresh_food,岩手県,0,428,0.0,111,25.935
fresh_food,島根県,0,238,0.0,71,29.832
fresh_food,広島県,0,673,0.0,119,17.682
fresh_food,徳島県,0,244,0.0,49,20.082
fresh_food,愛媛県,0,470,0.0,54,11.489
fresh_food,愛知県,0,1202,0.0,332,27.621
fresh_food,新潟県,0,688,0.0,180,26.163
fresh_food,東京都,1,2800,0.036,1274,45.5
fresh_food,栃木県,0,517,0.0,151,29.207
fresh_food,沖縄県,0,481,0.0,94,19.543
fresh_food,滋賀県,0,308,0.0,146,47.403
fresh_food,熊本県,0,775,0.0,115,14.839
fresh_food,石川県,0,373,0.0,69,18.499
fresh_food,神奈川県,0,1807,0.0,637,35.252
fresh_food,福井県,0,292,0.0,77,26.37
fresh_food,福岡県,0,2166,0.0,327,15.097
fresh_food,福島県,0,649,0.0,158,24.345
fresh_food,秋田県,0,391,0.0,204,52.174
fresh_food,群馬県,0,508,0.0,138,27.165
fresh_food,茨城県,0,807,0.0,186,23.048
fresh_food,長崎県,0,687,0.0,79,11.499
fresh_food,長野県,0,571,0.0,159,27.846
fresh_food,青森県,0,502,0.0,179,35.657
fresh_food,静岡県,0,1121,0.0,345,30.776
fresh_food,香川県,0,281,0.0,75,26.69
fresh_food,高知県,0,405,0.0,46,11.358
fresh_food,鳥取県,0,145,0.0,32,22.069
fresh_food,鹿児島県,0,714,0.0,131,18.347
supermarket,三重県,134,338,39.645,453,134.024
supermarket,京都府,134,464,28.879,736,158.621
supermarket,佐賀県,70,179,39.106,214,119.553
supermarket,兵庫県,364,940,38.723,1205,128.191
supermarket,北海道,727,1023,71.065,1391,135.973
supermarket,千葉県,538,846,63.593,1316,155.556
supermarket,和歌山県,75,246,30.488,314,127.642
supermarket,埼玉県,713,907,78.611,1462,161.191
supermarket,大分県,63,282,22.34,343,121.631
supermarket,大阪府,626,1178,53.141,1817,154.244
supermarket,奈良県,105,213,49.296,318,149.296
supermarket,宮城県,175,401,43.641,604,150.623
supermarket,宮崎県,67,315,21.27,311,98.73
supermarket,富山県,36,201,17.91,239,118.905
supermarket,山口県,98,315,31.111,325,103.175
supermarket,山形県,68,270,25.185,359,132.963
supermarket,山梨県,46,181,25.414,242,133.702
supermarket,岐阜県,144,411,35.036,490,119.221
supermarket,岡山県,115,463,24.838,454,98.056
supermarket,岩手県,114,337,33.828,344,102.077
supermarket,島根県,34,273,12.454,223,81.685
supermarket,広島県,162,601,26.955,663,110.316
supermarket,徳島県,57,203,28.079,198,97.537
supermarket,愛媛県,118,356,33.146,330,92.697
supermarket,愛知県,298,917,32.497,1437,156.707
supermarket,新潟県,160,490,32.653,574,117.143
supermarket,東京都,1977,2063,95.831,3759,182.21
supermarket,栃木県,139,361,38.504,474,131.302
supermarket,沖縄県,145,437,33.181,536,122.654
supermarket,滋賀県,151,206,73.301,300,145.631
supermarket,熊本県,136,414,32.85,443,107.005
supermarket,石川県,51,218,23.394,300,137.615
supermarket,神奈川県,844,1257,67.144,1912,152.108
supermarket,福井県,40,189,21.164,203,107.407
supermarket,福岡県,394,653,60.337,1289,197.397
supermarket,福島県,130,388,33.505,426,109.794
supermarket,秋田県,56,253,22.134,262,103.557
supermarket,群馬県,112,342,32.749,476,139.181
supermarket,茨城県,238,510,46.667,662,129.804
supermarket,長崎県,85,399,21.303,337,84.461
supermarket,長野県,115,383,30.026,547,142.82
supermarket,青森県,107,364,29.396,293,80.495
supermarket,静岡県,240,533,45.028,1017,190.807
supermarket,香川県,112,223,50.224,272,121.973
supermarket,高知県,35,238,14.706,198,83.193
supermarket,鳥取県,25,154,16.234,139,90.26
supermarket,鹿児島県,56,443,12.641,431,97.291
