cat,都道府県,マスター件数,ATP件数,ATP純増,投入後件数,実数統計,カバー率_現行,カバー率_ATP単独,カバー率_投入後
convenience,三重県,704,784,213,917,789,0.892,0.994,1.162
convenience,京都府,968,1052,156,1124,1062,0.911,0.991,1.058
convenience,佐賀県,360,371,80,440,358,1.006,1.036,1.229
convenience,兵庫県,1798,1955,307,2105,1990,0.904,0.982,1.058
convenience,北海道,3268,3064,279,3547,3003,1.088,1.020,1.181
convenience,千葉県,2753,2737,404,3157,2634,1.045,1.039,1.199
convenience,和歌山県,346,357,74,420,375,0.923,0.952,1.120
convenience,埼玉県,2681,2970,678,3359,2866,0.935,1.036,1.172
convenience,大分県,507,519,104,611,516,0.983,1.006,1.184
convenience,大阪府,3400,4017,436,3836,3904,0.871,1.029,0.983
convenience,奈良県,434,438,91,525,460,0.943,0.952,1.141
convenience,宮城県,1164,1172,181,1345,1165,0.999,1.006,1.155
convenience,宮崎県,445,452,76,521,435,1.023,1.039,1.198
convenience,富山県,456,467,98,554,477,0.956,0.979,1.161
convenience,山口県,586,546,105,691,552,1.062,0.989,1.252
convenience,山形県,461,427,79,540,444,1.038,0.962,1.216
convenience,山梨県,456,450,63,519,457,0.998,0.985,1.136
convenience,岐阜県,838,819,192,1030,850,0.986,0.964,1.212
convenience,岡山県,834,813,129,963,803,1.039,1.012,1.199
convenience,岩手県,558,568,103,661,543,1.028,1.046,1.217
convenience,島根県,308,272,50,358,269,1.145,1.011,1.331
convenience,広島県,1174,1181,199,1373,1189,0.987,0.993,1.155
convenience,徳島県,322,310,64,386,321,1.003,0.966,1.202
convenience,愛媛県,585,565,108,693,584,1.002,0.967,1.187
convenience,愛知県,3494,3575,574,4068,3552,0.984,1.006,1.145
convenience,新潟県,967,878,147,1114,895,1.080,0.981,1.245
convenience,東京都,6292,7108,726,7018,7126,0.883,0.997,0.985
convenience,栃木県,928,948,187,1115,921,1.008,1.029,1.211
convenience,沖縄県,703,810,160,863,689,1.020,1.176,1.253
convenience,滋賀県,538,532,90,628,554,0.971,0.960,1.134
convenience,熊本県,725,797,175,900,779,0.931,1.023,1.155
convenience,石川県,506,494,89,595,498,1.016,0.992,1.195
convenience,神奈川県,3443,3774,601,4044,3624,0.950,1.041,1.116
convenience,福井県,341,337,60,401,334,1.021,1.009,1.201
convenience,福岡県,2195,2311,368,2563,2271,0.967,1.018,1.129
convenience,福島県,951,883,144,1095,906,1.050,0.975,1.209
convenience,秋田県,461,450,67,528,458,1.007,0.983,1.153
convenience,群馬県,1046,896,109,1155,905,1.156,0.990,1.276
convenience,茨城県,1456,1408,283,1739,1418,1.027,0.993,1.226
convenience,長崎県,493,520,84,577,528,0.934,0.985,1.093
convenience,長野県,933,930,183,1116,936,0.997,0.994,1.192
convenience,青森県,631,607,86,717,611,1.033,0.993,1.173
convenience,静岡県,1632,1673,316,1948,1682,0.970,0.995,1.158
convenience,香川県,408,407,89,497,409,0.998,0.995,1.215
convenience,高知県,304,276,35,339,288,1.056,0.958,1.177
convenience,鳥取県,292,264,47,339,254,1.150,1.039,1.335
convenience,鹿児島県,647,660,117,764,668,0.969,0.988,1.144
drugstore,三重県,98,296,202,300,263,0.373,1.125,1.141
drugstore,京都府,90,444,343,433,344,0.262,1.291,1.259
drugstore,佐賀県,43,64,34,77,86,0.500,0.744,0.895
drugstore,兵庫県,209,818,595,804,660,0.317,1.239,1.218
drugstore,北海道,282,572,409,691,706,0.399,0.810,0.979
drugstore,千葉県,374,975,585,959,882,0.424,1.105,1.087
drugstore,和歌山県,44,123,84,128,102,0.431,1.206,1.255
drugstore,埼玉県,496,1032,579,1075,1117,0.444,0.924,0.962
drugstore,大分県,28,136,107,135,122,0.230,1.115,1.107
drugstore,大阪府,361,1315,904,1265,1052,0.343,1.250,1.202
drugstore,奈良県,39,201,160,199,140,0.279,1.436,1.421
drugstore,宮城県,209,418,226,435,362,0.577,1.155,1.202
drugstore,宮崎県,59,116,64,123,127,0.465,0.913,0.969
drugstore,富山県,94,217,148,242,206,0.456,1.053,1.175
drugstore,山口県,60,214,160,220,203,0.296,1.054,1.084
drugstore,山形県,79,226,158,237,189,0.418,1.196,1.254
drugstore,山梨県,57,128,80,137,133,0.429,0.962,1.030
drugstore,岐阜県,175,378,232,407,451,0.388,0.838,0.902
drugstore,岡山県,78,196,134,212,210,0.371,0.933,1.010
drugstore,岩手県,102,277,174,276,237,0.430,1.169,1.165
drugstore,島根県,61,134,53,114,82,0.744,1.634,1.390
drugstore,広島県,139,465,292,431,324,0.429,1.435,1.330
drugstore,徳島県,55,100,51,106,87,0.632,1.149,1.218
drugstore,愛媛県,107,244,135,242,253,0.423,0.964,0.957
drugstore,愛知県,406,1181,835,1241,1189,0.341,0.993,1.044
drugstore,新潟県,100,420,320,420,368,0.272,1.141,1.141
drugstore,東京都,935,2173,1028,1963,1900,0.492,1.144,1.033
drugstore,栃木県,121,437,311,432,319,0.379,1.370,1.354
drugstore,沖縄県,34,119,95,129,72,0.472,1.653,1.792
drugstore,滋賀県,84,286,204,288,228,0.368,1.254,1.263
drugstore,熊本県,65,180,121,186,175,0.371,1.029,1.063
drugstore,石川県,124,280,170,294,251,0.494,1.116,1.171
drugstore,神奈川県,538,1272,698,1236,1175,0.458,1.083,1.052
drugstore,福井県,113,195,89,202,169,0.669,1.154,1.195
drugstore,福岡県,369,544,229,598,612,0.603,0.889,0.977
drugstore,福島県,104,322,221,325,257,0.405,1.253,1.265
drugstore,秋田県,84,181,98,182,154,0.545,1.175,1.182
drugstore,群馬県,143,408,280,423,333,0.429,1.225,1.270
drugstore,茨城県,147,532,389,536,438,0.336,1.215,1.224
drugstore,長崎県,68,117,54,122,129,0.527,0.907,0.946
drugstore,長野県,90,288,201,291,252,0.357,1.143,1.155
drugstore,青森県,120,238,128,248,198,0.606,1.202,1.253
drugstore,静岡県,303,618,327,630,551,0.550,1.122,1.143
drugstore,香川県,74,132,67,141,133,0.556,0.992,1.060
drugstore,高知県,37,111,76,113,99,0.374,1.121,1.141
drugstore,鳥取県,42,100,59,101,79,0.532,1.266,1.278
drugstore,鹿児島県,44,201,157,201,203,0.217,0.990,0.990
fresh_food,三重県,160,0,0,160,530,0.302,0.000,0.302
fresh_food,京都府,259,0,0,259,736,0.352,0.000,0.352
fresh_food,佐賀県,47,0,0,47,361,0.130,0.000,0.130
fresh_food,兵庫県,525,0,0,525,1331,0.394,0.000,0.394
fresh_food,北海道,348,0,0,348,1444,0.241,0.000,0.241
fresh_food,千葉県,344,0,0,344,1161,0.296,0.000,0.296
fresh_food,和歌山県,155,0,0,155,407,0.381,0.000,0.381
fresh_food,埼玉県,332,0,0,332,1155,0.287,0.000,0.287
fresh_food,大分県,101,0,0,101,510,0.198,0.000,0.198
fresh_food,大阪府,615,0,0,615,1872,0.329,0.000,0.329
fresh_food,奈良県,90,0,0,90,323,0.279,0.000,0.279
fresh_food,宮城県,622,0,0,622,646,0.963,0.000,0.963
fresh_food,宮崎県,81,0,0,81,427,0.190,0.000,0.190
fresh_food,富山県,86,0,0,86,422,0.204,0.000,0.204
fresh_food,山口県,49,0,0,49,567,0.086,0.000,0.086
fresh_food,山形県,382,0,0,382,549,0.696,0.000,0.696
fresh_food,山梨県,74,0,0,74,330,0.224,0.000,0.224
fresh_food,岐阜県,95,0,0,95,423,0.225,0.000,0.225
fresh_food,岡山県,167,0,0,167,523,0.319,0.000,0.319
fresh_food,岩手県,111,0,0,111,428,0.259,0.000,0.259
fresh_food,島根県,71,0,0,71,238,0.298,0.000,0.298
fresh_food,広島県,119,0,0,119,673,0.177,0.000,0.177
fresh_food,徳島県,49,0,0,49,244,0.201,0.000,0.201
fresh_food,愛媛県,54,0,0,54,470,0.115,0.000,0.115
fresh_food,愛知県,332,0,0,332,1202,0.276,0.000,0.276
fresh_food,新潟県,180,0,0,180,688,0.262,0.000,0.262
fresh_food,東京都,1274,1,0,1274,2800,0.455,0.000,0.455
fresh_food,栃木県,151,0,0,151,517,0.292,0.000,0.292
fresh_food,沖縄県,94,0,0,94,481,0.195,0.000,0.195
fresh_food,滋賀県,146,0,0,146,308,0.474,0.000,0.474
fresh_food,熊本県,115,0,0,115,775,0.148,0.000,0.148
fresh_food,石川県,69,0,0,69,373,0.185,0.000,0.185
fresh_food,神奈川県,637,0,0,637,1807,0.353,0.000,0.353
fresh_food,福井県,77,0,0,77,292,0.264,0.000,0.264
fresh_food,福岡県,327,0,0,327,2166,0.151,0.000,0.151
fresh_food,福島県,158,0,0,158,649,0.243,0.000,0.243
fresh_food,秋田県,204,0,0,204,391,0.522,0.000,0.522
fresh_food,群馬県,138,0,0,138,508,0.272,0.000,0.272
fresh_food,茨城県,186,0,0,186,807,0.230,0.000,0.230
fresh_food,長崎県,79,0,0,79,687,0.115,0.000,0.115
fresh_food,長野県,159,0,0,159,571,0.278,0.000,0.278
fresh_food,青森県,179,0,0,179,502,0.357,0.000,0.357
fresh_food,静岡県,345,0,0,345,1121,0.308,0.000,0.308
fresh_food,香川県,75,0,0,75,281,0.267,0.000,0.267
fresh_food,高知県,46,0,0,46,405,0.114,0.000,0.114
fresh_food,鳥取県,32,0,0,32,145,0.221,0.000,0.221
fresh_food,鹿児島県,131,0,0,131,714,0.183,0.000,0.183
supermarket,三重県,453,134,26,479,338,1.340,0.396,1.417
supermarket,京都府,736,134,30,766,464,1.586,0.289,1.651
supermarket,佐賀県,214,70,33,247,179,1.196,0.391,1.380
supermarket,兵庫県,1205,364,87,1292,940,1.282,0.387,1.374
supermarket,北海道,1391,727,132,1523,1023,1.360,0.711,1.489
supermarket,千葉県,1316,538,182,1498,846,1.556,0.636,1.771
supermarket,和歌山県,314,75,12,326,246,1.276,0.305,1.325
supermarket,埼玉県,1462,713,228,1690,907,1.612,0.786,1.863
supermarket,大分県,343,64,30,373,282,1.216,0.227,1.323
supermarket,大阪府,1817,626,152,1969,1178,1.542,0.531,1.671
supermarket,奈良県,318,105,22,340,213,1.493,0.493,1.596
supermarket,宮城県,604,175,30,634,401,1.506,0.436,1.581
supermarket,宮崎県,311,67,38,349,315,0.987,0.213,1.108
supermarket,富山県,239,36,14,253,201,1.189,0.179,1.259
supermarket,山口県,325,98,44,369,315,1.032,0.311,1.171
supermarket,山形県,359,68,12,371,270,1.330,0.252,1.374
supermarket,山梨県,242,46,14,256,181,1.337,0.254,1.414
supermarket,岐阜県,490,144,27,517,411,1.192,0.350,1.258
supermarket,岡山県,454,115,33,487,463,0.981,0.248,1.052
supermarket,岩手県,344,114,30,374,337,1.021,0.338,1.110
supermarket,島根県,223,34,19,242,273,0.817,0.125,0.886
supermarket,広島県,663,162,67,730,601,1.103,0.270,1.215
supermarket,徳島県,198,57,30,228,203,0.975,0.281,1.123
supermarket,愛媛県,330,118,45,375,356,0.927,0.331,1.053
supermarket,愛知県,1437,298,69,1506,917,1.567,0.325,1.642
supermarket,新潟県,574,160,51,625,490,1.171,0.327,1.276
supermarket,東京都,3759,1977,263,4022,2063,1.822,0.958,1.950
supermarket,栃木県,474,139,39,513,361,1.313,0.385,1.421
supermarket,沖縄県,536,145,34,570,437,1.227,0.332,1.304
supermarket,滋賀県,300,151,38,338,206,1.456,0.733,1.641
supermarket,熊本県,443,133,67,510,414,1.070,0.321,1.232
supermarket,石川県,300,51,19,319,218,1.376,0.234,1.463
supermarket,神奈川県,1912,844,133,2045,1257,1.521,0.671,1.627
supermarket,福井県,203,40,14,217,189,1.074,0.212,1.148
supermarket,福岡県,1289,394,122,1411,653,1.974,0.603,2.161
supermarket,福島県,426,130,30,456,388,1.098,0.335,1.175
supermarket,秋田県,262,56,13,275,253,1.036,0.221,1.087
supermarket,群馬県,476,112,30,506,342,1.392,0.327,1.480
supermarket,茨城県,662,238,64,726,510,1.298,0.467,1.424
supermarket,長崎県,337,84,42,379,399,0.845,0.211,0.950
supermarket,長野県,547,115,19,566,383,1.428,0.300,1.478
supermarket,青森県,293,107,21,314,364,0.805,0.294,0.863
supermarket,静岡県,1017,240,35,1052,533,1.908,0.450,1.974
supermarket,香川県,272,112,34,306,223,1.220,0.502,1.372
supermarket,高知県,198,35,11,209,238,0.832,0.147,0.878
supermarket,鳥取県,139,25,15,154,154,0.903,0.162,1.000
supermarket,鹿児島県,431,56,35,466,443,0.973,0.126,1.052
