市区町村コード,市区町村名,総65歳以上人口,圏外65歳以上人口_変種A,圏外率_変種A,圏外65歳以上人口_supermarketのみ,圏外65歳以上人口_変種C,圏外率_変種C,農水省_困難人口割合,農水省_困難人口,比_農水省÷変種A
32527,知夫村,269,269,1.0,269,269,1.0,0.6625,188.0,0.663
39364,大川村,130,130,1.0,130,130,1.0,0.4085,61.0,0.408
39427,三原村,683,671,0.9824,683,671,0.9824,0.2802,189.0,0.285
39387,仁淀川町,2633,2544,0.9662,2633,2275,0.864,0.3893,1045.0,0.403
32525,海士町,832,798,0.9591,798,798,0.9591,0.5541,501.0,0.578
32449,邑南町,4616,4359,0.9443,4403,4008,0.8683,0.3778,1731.0,0.4
32505,吉賀町,2703,2502,0.9256,2640,2089,0.7728,0.4045,1100.0,0.437
04302,七ヶ宿町,586,541,0.9232,586,541,0.9232,0.4212,246.0,0.456
32448,美郷町,2074,1883,0.9079,1883,1854,0.8939,0.3682,767.0,0.406
32386,飯南町,2116,1919,0.9069,1919,1701,0.8039,0.2904,614.0,0.32
39344,大豊町,1897,1708,0.9004,1828,1688,0.8898,0.4295,819.0,0.477
39304,安田町,1032,928,0.8992,1032,802,0.7771,0.3448,373.0,0.383
04422,大郷町,2987,2661,0.8909,2987,2441,0.8172,0.1664,502.0,0.187
04341,丸森町,5308,4699,0.8853,5071,4302,0.8105,0.2378,1259.0,0.269
04424,大衡村,1747,1538,0.8804,1747,1229,0.7035,0.1886,322.0,0.214
32343,奥出雲町,5132,4516,0.88,5046,4586,0.8936,0.3015,1547.0,0.343
39405,檮原町,1523,1333,0.8752,1366,1181,0.7754,0.3783,579.0,0.432
32526,西ノ島町,1090,951,0.8725,951,942,0.8642,0.546,704.0,0.626
39412,四万十町,6990,5913,0.8459,6445,5112,0.7313,0.2755,1923.0,0.326
32528,隠岐の島町,5282,4466,0.8455,4993,3277,0.6204,0.4601,2563.0,0.544
39306,馬路村,305,257,0.8426,257,193,0.6328,0.2598,79.0,0.308
32209,雲南市,14438,12158,0.8421,13283,10499,0.7272,0.2238,3228.0,0.266
39411,津野町,2414,2029,0.8405,2404,1813,0.751,0.2385,570.0,0.284
04301,蔵王町,4364,3664,0.8396,4044,3089,0.7078,0.2242,979.0,0.267
04606,南三陸町,4611,3843,0.8334,4430,3161,0.6855,0.2522,1187.0,0.303
39424,大月町,2080,1729,0.8313,1979,1601,0.7697,0.3136,682.0,0.377
39305,北川村,493,409,0.8296,493,379,0.7688,0.3023,153.0,0.364
39301,東洋町,980,804,0.8204,837,355,0.3622,0.4459,498.0,0.544
32205,大田市,12517,10198,0.8147,10923,8376,0.6692,0.3334,4422.0,0.409
32501,津和野町,3348,2713,0.8103,2713,2488,0.7431,0.4121,1375.0,0.509
32204,益田市,16754,13417,0.8008,15011,10195,0.6085,0.3179,5410.0,0.397
04362,山元町,4931,3933,0.7976,4809,2828,0.5735,0.2718,1344.0,0.341
04212,登米市,26932,21435,0.7959,24940,17590,0.6531,0.2047,5518.0,0.257
32206,安来市,13857,10970,0.7917,12557,8191,0.5911,0.2208,3055.0,0.279
39211,香南市,10389,8198,0.7891,9166,5606,0.5396,0.2298,2402.0,0.291
04213,栗原市,26271,20727,0.789,23973,17145,0.6526,0.2297,6018.0,0.291
32207,江津市,8990,7083,0.7879,8063,5283,0.5877,0.3404,3067.0,0.432
04324,川崎町,3186,2505,0.7863,3072,1837,0.5766,0.2015,647.0,0.256
32441,川本町,1435,1128,0.7861,1281,1034,0.7206,0.3667,525.0,0.466
39307,芸西村,1413,1103,0.7806,1209,800,0.5662,0.2648,394.0,0.339
04444,色麻町,2351,1834,0.7801,2274,1520,0.6465,0.1791,420.0,0.23
39341,本山町,1643,1271,0.7736,1390,1168,0.7109,0.3137,489.0,0.406
04581,女川町,2325,1778,0.7647,2057,1178,0.5067,0.3776,881.0,0.494
32202,浜田市,19317,14657,0.7588,17117,11490,0.5948,0.3446,6702.0,0.454
04322,村田町,3686,2775,0.7528,3454,1945,0.5277,0.2386,903.0,0.317
39202,室戸市,5450,4095,0.7514,5233,3205,0.5881,0.3316,2003.0,0.441
04361,亘理町,10418,7803,0.749,9474,5194,0.4986,0.2355,2446.0,0.314
39410,日高村,1982,1476,0.7447,1847,946,0.4773,0.1775,368.0,0.238
39203,安芸市,6467,4695,0.726,5675,3805,0.5884,0.2816,1869.0,0.388
39208,宿毛市,7292,5247,0.7196,7038,3646,0.5,0.2467,1817.0,0.343
04208,角田市,10160,7273,0.7158,8591,5687,0.5597,0.2144,2147.0,0.299
39402,佐川町,5146,3671,0.7134,4239,2824,0.5488,0.2208,1117.0,0.309
04505,美里町,8562,6090,0.7113,8004,4176,0.4877,0.2642,2258.0,0.371
32203,出雲市,51558,36656,0.711,43865,25777,0.5,0.2499,12980.0,0.351
39303,田野町,1027,725,0.7059,804,279,0.2717,0.2095,222.0,0.297
04421,大和町,6739,4728,0.7016,5811,2731,0.4053,0.2583,1679.0,0.368
39386,いの町,8484,5950,0.7013,7646,3509,0.4136,0.193,1622.0,0.275
39210,四万十市,12005,8297,0.6911,10091,6213,0.5175,0.251,3017.0,0.363
04406,利府町,9181,6285,0.6846,8053,5002,0.5448,0.21,1816.0,0.307
39428,黒潮町,4266,2900,0.6798,3642,1809,0.4241,0.272,1255.0,0.4
04501,涌谷町,5780,3909,0.6763,5253,3175,0.5493,0.226,1310.0,0.334
39204,南国市,14806,9972,0.6735,13778,7467,0.5043,0.2081,3091.0,0.309
04206,白石市,11676,7839,0.6714,10054,6267,0.5367,0.2405,2802.0,0.358
04205,気仙沼市,22916,15030,0.6559,20277,11508,0.5022,0.2876,6741.0,0.439
39401,中土佐町,2848,1865,0.6548,1907,1389,0.4877,0.2755,798.0,0.421
04445,加美町,8152,5271,0.6466,6934,3902,0.4787,0.2007,1633.0,0.31
04215,大崎市,38697,24893,0.6433,33192,17713,0.4577,0.2492,9654.0,0.387
39403,越知町,2420,1543,0.6376,1622,1278,0.5281,0.2633,643.0,0.413
39209,土佐清水市,5825,3570,0.6129,4737,3008,0.5164,0.3198,2002.0,0.522
39363,土佐町,1735,1038,0.5983,1066,953,0.5493,0.2306,415.0,0.385
32201,松江市,58699,34837,0.5935,46216,22134,0.3771,0.2661,15831.0,0.448
39212,香美市,10198,6026,0.5909,8351,5164,0.5064,0.325,3290.0,0.55
04214,東松島市,11482,6782,0.5907,9761,3661,0.3188,0.2627,3044.0,0.445
39206,須崎市,8294,4854,0.5852,7787,4230,0.51,0.263,2198.0,0.449
04207,名取市,19113,11087,0.5801,15848,4778,0.25,0.2264,4048.0,0.39
39205,土佐市,8773,5027,0.573,7689,3090,0.3522,0.1855,1755.0,0.324
04323,柴田町,11096,6195,0.5583,9116,2570,0.2316,0.2327,2567.0,0.417
39302,奈半利町,1390,775,0.5576,1390,416,0.2993,0.3658,519.0,0.656
04404,七ヶ浜町,5318,2941,0.553,4844,1886,0.3546,0.2545,1436.0,0.46
04202,石巻市,46407,25550,0.5506,37375,14770,0.3183,0.2411,11213.0,0.438
04401,松島町,5170,2822,0.5458,4787,1541,0.2981,0.2977,1552.0,0.545
04321,大河原町,6352,2979,0.469,5409,1050,0.1653,0.2221,1448.0,0.474
04203,塩竈市,18149,7634,0.4206,14833,1553,0.0856,0.261,4614.0,0.62
04211,岩沼市,11514,4747,0.4123,10350,2309,0.2005,0.1994,2344.0,0.484
04216,富谷市,10790,4071,0.3773,8700,1724,0.1598,0.233,2597.0,0.618
04100,仙台市,255567,90813,0.3553,182848,31011,0.1213,0.2791,71785.0,0.785
39201,高知市,95808,33846,0.3533,66906,15413,0.1609,0.2081,19955.0,0.589
04209,多賀城市,15566,4957,0.3185,12329,1462,0.0939,0.2527,3914.0,0.793
